,accx,roll
0,"        accel-x
0     -0.046360
1      0.000488
2     -0.038552
3      0.010736
4     -0.133712
...         ...
15045 -0.003416
15046 -0.017568
15047  0.015616
15048 -0.022448
15049 -0.028792

[15050 rows x 1 columns]","        accel-x
0     -0.046377
1      0.000488
2     -0.038562
3      0.010736
4     -0.134114
...         ...
15045 -0.003416
15046 -0.017569
15047  0.015617
15048 -0.022450
15049 -0.028796

[15050 rows x 1 columns]"
